product,country,correction_bnusd_per_mt_feed
dairy,AFG,0.08569248020648956
dairy,AGO,-0.2258390560746193
dairy,ALB,0.1692831963300705
dairy,ARE,-0.0019125975668430328
dairy,ARG,-0.12345022335648537
dairy,ARM,0.07196860015392303
dairy,ASM,-0.0
dairy,ATG,-0.19987789541482925
dairy,AUS,-0.024616913869976997
dairy,AUT,0.0842568650841713
dairy,AZE,0.049911586567759514
dairy,BDI,-0.18768329918384552
dairy,BEL,0.14911353960633278
dairy,BEN,-0.25333327800035477
dairy,BFA,-0.2615348547697067
dairy,BGD,-0.022682543843984604
dairy,BGR,0.21679843217134476
dairy,BHS,-0.1152212992310524
dairy,BIH,0.30699700117111206
dairy,BLR,0.09500106051564217
dairy,BLZ,-0.14676595851778984
dairy,BOL,-0.14386587962508202
dairy,BRA,-0.12782732024788857
dairy,BRB,-0.29786592721939087
dairy,BRN,0.015030905604362488
dairy,BTN,0.0074385302141308784
dairy,BWA,-0.21009696274995804
dairy,CAF,-0.1422007866203785
dairy,CAN,-0.3179449439048767
dairy,CHE,0.11863933876156807
dairy,CHL,-0.12750519812107086
dairy,CHN,0.302171066403389
dairy,CIV,-0.2532167434692383
dairy,CMR,-0.26252400130033493
dairy,COD,-0.13091197423636913
dairy,COG,-0.1350860446691513
dairy,COL,-0.1838834434747696
dairy,COM,-0.09678638353943825
dairy,CPV,-0.20479491353034973
dairy,CRI,-0.017306266352534294
dairy,CUB,-0.19581685960292816
dairy,CYP,0.15696123987436295
dairy,CZE,0.03452045097947121
dairy,DEU,0.0746057890355587
dairy,DJI,-0.014855610206723213
dairy,DNK,0.10958487913012505
dairy,DOM,-0.030786802992224693
dairy,DZA,0.03804909298196435
dairy,ECU,-0.14541034772992134
dairy,EGY,-0.017892275005578995
dairy,ERI,-0.1491115801036358
dairy,ESP,0.03706890530884266
dairy,EST,0.22992079704999924
dairy,ETH,-0.1430673561990261
dairy,FIN,0.2925069332122803
dairy,FJI,-0.0060758586041629314
dairy,FRA,0.04532647505402565
dairy,GAB,-0.06252121180295944
dairy,GBR,0.12082686647772789
dairy,GEO,0.026794681849423796
dairy,GHA,-0.1270145047456026
dairy,GIN,-0.24944739788770676
dairy,GMB,-0.22532247751951218
dairy,GNB,-0.25905605405569077
dairy,GNQ,-0.0
dairy,GRC,0.0721097756177187
dairy,GRD,-0.2404877319931984
dairy,GTM,-0.14837640896439552
dairy,GUF,-0.0
dairy,GUY,-0.17474916577339172
dairy,HND,-0.14762654900550842
dairy,HRV,0.04310948122292757
dairy,HTI,-0.017464932054281235
dairy,HUN,0.1300853081047535
dairy,IDN,0.00727215176448226
dairy,IND,-0.06409433297812939
dairy,IRL,0.05572311859577894
dairy,IRN,0.10984566062688828
dairy,IRQ,-0.13283750787377357
dairy,ISL,0.1667279303073883
dairy,ISR,0.09111998975276947
dairy,ITA,0.10901448503136635
dairy,JAM,-0.06052980199456215
dairy,JOR,0.25124088674783707
dairy,JPN,0.24427834153175354
dairy,KAZ,0.1461924985051155
dairy,KEN,-0.11364019848406315
dairy,KGZ,0.2586371749639511
dairy,KHM,-0.07195603102445602
dairy,KOR,0.2855945974588394
dairy,LAO,-0.02416858822107315
dairy,LBN,0.25645673274993896
dairy,LBR,-0.08917807228863239
dairy,LBY,0.00654258206486702
dairy,LKA,0.019452037289738655
dairy,LSO,-0.10606630146503448
dairy,LTU,0.23649943619966507
dairy,LUX,0.11195384338498116
dairy,LVA,0.2133559286594391
dairy,MAR,-0.1342909373342991
dairy,MDA,0.07422071136534214
dairy,MDG,-0.11216800566762686
dairy,MEX,-0.14027315005660057
dairy,MKD,0.08929138258099556
dairy,MLI,-0.20172079652547836
dairy,MLT,-0.1636858694255352
dairy,MMR,-0.1837509274482727
dairy,MNE,0.5137304365634918
dairy,MNG,0.003808319568634033
dairy,MOZ,-0.07598349452018738
dairy,MRT,-0.13237060979008675
dairy,MUS,-0.057565100491046906
dairy,MWI,-0.14448287338018417
dairy,MYS,-0.048699814826250076
dairy,NAM,-0.1289415843784809
dairy,NER,-0.2652027830481529
dairy,NGA,-0.12479272484779358
dairy,NIC,-0.2755501866340637
dairy,NLD,0.042747728526592255
dairy,NOR,0.07750387862324715
dairy,NPL,-0.026608855463564396
dairy,NZL,-0.009953582659363747
dairy,OMN,-0.13091641664505005
dairy,PAK,0.06654596049338579
dairy,PAN,-0.13210361823439598
dairy,PER,-0.19212911278009415
dairy,PHL,0.10071909800171852
dairy,PNG,-3.7972086369991302
dairy,POL,0.14650901407003403
dairy,PRI,-0.09638313390314579
dairy,PRT,0.07134788110852242
dairy,PRY,-0.12844765931367874
dairy,PSE,0.18430109322071075
dairy,ROU,0.24503134191036224
dairy,RUS,0.36869730055332184
dairy,RWA,-0.10315706580877304
dairy,SAU,0.32238568365573883
dairy,SDN,-0.05883259035181254
dairy,SEN,-0.24971895664930344
dairy,SLB,-0.04015585035085678
dairy,SLE,-0.176877461373806
dairy,SLV,-0.2042309269309044
dairy,SOM,-0.16418224200606346
dairy,SRB,0.14501024037599564
dairy,SSD,-0.09727941732853651
dairy,STP,-0.1675182618200779
dairy,SUR,-0.12347311154007912
dairy,SVK,0.16967788338661194
dairy,SVN,0.0612922515720129
dairy,SWE,0.2563166841864586
dairy,SWZ,-0.23540052771568298
dairy,SYR,0.017101658508181572
dairy,TCD,-0.16607846319675446
dairy,TGO,-0.1294620968401432
dairy,THA,0.0857974961400032
dairy,TJK,0.29452769458293915
dairy,TKM,0.19557569175958633
dairy,TLS,-0.1521027833223343
dairy,TTO,-0.1260942593216896
dairy,TUN,0.02599620947148651
dairy,TUR,0.018737768288701773
dairy,TWN,0.2176635041832924
dairy,TZA,-0.12903420068323612
dairy,UGA,-0.11972396075725555
dairy,UKR,0.22179938852787018
dairy,URY,-0.1900300532579422
dairy,USA,-0.17453014850616455
dairy,UZB,0.251192070543766
dairy,VEN,-0.13876448571681976
dairy,VNM,-0.10444196127355099
dairy,VUT,-0.056596968322992325
dairy,YEM,-0.04190044105052948
dairy,ZAF,-0.10860324278473854
dairy,ZMB,-0.1346757560968399
dairy,ZWE,-0.4896172434091568
dairy-buffalo,AFG,-0.0
dairy-buffalo,AGO,-0.0
dairy-buffalo,ALB,-0.0
dairy-buffalo,ARE,-0.0
dairy-buffalo,ARG,-0.0
dairy-buffalo,ARM,-0.0
dairy-buffalo,ASM,-0.0
dairy-buffalo,ATG,-0.0
dairy-buffalo,AUS,-0.0
dairy-buffalo,AUT,-0.0
dairy-buffalo,AZE,-0.0
dairy-buffalo,BDI,-0.0
dairy-buffalo,BEL,-0.0
dairy-buffalo,BEN,-0.0
dairy-buffalo,BFA,-0.0
dairy-buffalo,BGD,-0.08376235899049789
dairy-buffalo,BGR,0.08445549011230469
dairy-buffalo,BHS,-0.0
dairy-buffalo,BIH,-0.0
dairy-buffalo,BLR,-0.0
dairy-buffalo,BLZ,-0.0
dairy-buffalo,BOL,-0.0
dairy-buffalo,BRA,-0.0
dairy-buffalo,BRB,-0.0
dairy-buffalo,BRN,-0.10895541124045849
dairy-buffalo,BTN,-0.0
dairy-buffalo,BWA,-0.0
dairy-buffalo,CAF,-0.0
dairy-buffalo,CAN,-0.0
dairy-buffalo,CHE,-0.0
dairy-buffalo,CHL,-0.0
dairy-buffalo,CHN,-0.14099254831671715
dairy-buffalo,CIV,-0.0
dairy-buffalo,CMR,-0.0
dairy-buffalo,COD,-0.0
dairy-buffalo,COG,-0.0
dairy-buffalo,COL,-0.0
dairy-buffalo,COM,-0.0
dairy-buffalo,CPV,-0.0
dairy-buffalo,CRI,-0.0
dairy-buffalo,CUB,-0.0
dairy-buffalo,CYP,-0.0
dairy-buffalo,CZE,-0.0
dairy-buffalo,DEU,-0.0
dairy-buffalo,DJI,-0.0
dairy-buffalo,DNK,-0.0
dairy-buffalo,DOM,-0.0
dairy-buffalo,DZA,-0.0
dairy-buffalo,ECU,-0.0
dairy-buffalo,EGY,0.022428222931921482
dairy-buffalo,ERI,-0.0
dairy-buffalo,ESP,-0.0
dairy-buffalo,EST,-0.0
dairy-buffalo,ETH,-0.0
dairy-buffalo,FIN,-0.0
dairy-buffalo,FJI,-0.0
dairy-buffalo,FRA,-0.0
dairy-buffalo,GAB,-0.0
dairy-buffalo,GBR,-0.0
dairy-buffalo,GEO,-0.0
dairy-buffalo,GHA,-0.0
dairy-buffalo,GIN,-0.0
dairy-buffalo,GMB,-0.0
dairy-buffalo,GNB,-0.0
dairy-buffalo,GNQ,-0.0
dairy-buffalo,GRC,-0.06269573979079723
dairy-buffalo,GRD,-0.0
dairy-buffalo,GTM,-0.0
dairy-buffalo,GUF,-0.0
dairy-buffalo,GUY,-0.0
dairy-buffalo,HND,-0.0
dairy-buffalo,HRV,-0.0
dairy-buffalo,HTI,-0.0
dairy-buffalo,HUN,-0.0
dairy-buffalo,IDN,-0.1407880187034607
dairy-buffalo,IND,-0.06251853518188
dairy-buffalo,IRL,-0.0
dairy-buffalo,IRN,0.161092147231102
dairy-buffalo,IRQ,-0.14159329235553741
dairy-buffalo,ISL,-0.0
dairy-buffalo,ISR,-0.0
dairy-buffalo,ITA,0.1301632709801197
dairy-buffalo,JAM,-0.0
dairy-buffalo,JOR,-0.0
dairy-buffalo,JPN,-0.0
dairy-buffalo,KAZ,-0.0
dairy-buffalo,KEN,-0.0
dairy-buffalo,KGZ,-0.0
dairy-buffalo,KHM,-0.0
dairy-buffalo,KOR,-0.0
dairy-buffalo,LAO,-0.0
dairy-buffalo,LBN,-0.0
dairy-buffalo,LBR,-0.0
dairy-buffalo,LBY,-0.0
dairy-buffalo,LKA,-0.1302279382944107
dairy-buffalo,LSO,-0.0
dairy-buffalo,LTU,-0.0
dairy-buffalo,LUX,-0.0
dairy-buffalo,LVA,-0.0
dairy-buffalo,MAR,-0.0
dairy-buffalo,MDA,-0.0
dairy-buffalo,MDG,-0.0
dairy-buffalo,MEX,-0.0
dairy-buffalo,MKD,-0.0
dairy-buffalo,MLI,-0.0
dairy-buffalo,MLT,-0.0
dairy-buffalo,MMR,-0.26068680733442307
dairy-buffalo,MNE,-0.0
dairy-buffalo,MNG,-0.0
dairy-buffalo,MOZ,-0.0
dairy-buffalo,MRT,-0.0
dairy-buffalo,MUS,-0.0
dairy-buffalo,MWI,-0.0
dairy-buffalo,MYS,-0.11037582531571388
dairy-buffalo,NAM,-0.0
dairy-buffalo,NER,-0.0
dairy-buffalo,NGA,-0.0
dairy-buffalo,NIC,-0.0
dairy-buffalo,NLD,-0.0
dairy-buffalo,NOR,-0.0
dairy-buffalo,NPL,-0.04819154739379883
dairy-buffalo,NZL,-0.0
dairy-buffalo,OMN,-0.0
dairy-buffalo,PAK,0.01279238797724247
dairy-buffalo,PAN,-0.0
dairy-buffalo,PER,-0.0
dairy-buffalo,PHL,-0.0
dairy-buffalo,PNG,-0.0
dairy-buffalo,POL,-0.0
dairy-buffalo,PRI,-0.0
dairy-buffalo,PRT,-0.0
dairy-buffalo,PRY,-0.0
dairy-buffalo,PSE,-0.0
dairy-buffalo,ROU,-0.0
dairy-buffalo,RUS,-0.0
dairy-buffalo,RWA,-0.0
dairy-buffalo,SAU,-0.0
dairy-buffalo,SDN,-0.0
dairy-buffalo,SEN,-0.0
dairy-buffalo,SLB,-0.0
dairy-buffalo,SLE,-0.0
dairy-buffalo,SLV,-0.0
dairy-buffalo,SOM,-0.0
dairy-buffalo,SRB,-0.0
dairy-buffalo,SSD,-0.0
dairy-buffalo,STP,-0.0
dairy-buffalo,SUR,-0.0
dairy-buffalo,SVK,-0.0
dairy-buffalo,SVN,-0.0
dairy-buffalo,SWE,-0.0
dairy-buffalo,SWZ,-0.0
dairy-buffalo,SYR,-0.051881078630685806
dairy-buffalo,TCD,-0.0
dairy-buffalo,TGO,-0.0
dairy-buffalo,THA,-0.0
dairy-buffalo,TJK,-0.0
dairy-buffalo,TKM,-0.0
dairy-buffalo,TLS,-0.0
dairy-buffalo,TTO,-0.0
dairy-buffalo,TUN,-0.0
dairy-buffalo,TUR,0.009748920798301697
dairy-buffalo,TWN,-0.0
dairy-buffalo,TZA,-0.0
dairy-buffalo,UGA,-0.0
dairy-buffalo,UKR,-0.0
dairy-buffalo,URY,-0.0
dairy-buffalo,USA,-0.0
dairy-buffalo,UZB,-0.0
dairy-buffalo,VEN,-0.0
dairy-buffalo,VNM,-0.23987406492233276
dairy-buffalo,VUT,-0.0
dairy-buffalo,YEM,-0.0
dairy-buffalo,ZAF,-0.0
dairy-buffalo,ZMB,-0.0
dairy-buffalo,ZWE,-0.0
eggs,AFG,-0.13240332901477814
eggs,AGO,-0.09044986218214035
eggs,ALB,0.02789803221821785
eggs,ARE,0.017382271587848663
eggs,ARG,-0.06744517385959625
eggs,ARM,0.007871430367231369
eggs,ASM,-0.0
eggs,ATG,-0.08457625657320023
eggs,AUS,-0.01936541311442852
eggs,AUT,-0.022446101531386375
eggs,AZE,0.0064919390715658665
eggs,BDI,-0.1727813184261322
eggs,BEL,-0.0
eggs,BEN,-0.1787700653076172
eggs,BFA,-0.18657934665679932
eggs,BGD,-0.11310674250125885
eggs,BGR,-0.0
eggs,BHS,-0.0454595573246479
eggs,BIH,0.012990358285605907
eggs,BLR,0.013895254582166672
eggs,BLZ,-0.05522933974862099
eggs,BOL,-0.0956854447722435
eggs,BRA,-0.07964067161083221
eggs,BRB,-0.06301815062761307
eggs,BRN,0.023264558985829353
eggs,BTN,-0.10110532492399216
eggs,BWA,-0.15796177089214325
eggs,CAF,-0.1563182771205902
eggs,CAN,-0.05641932040452957
eggs,CHE,-0.018809549510478973
eggs,CHL,-0.0797279104590416
eggs,CHN,0.01224785391241312
eggs,CIV,-0.12046699225902557
eggs,CMR,-0.13985519111156464
eggs,COD,-0.17133592069149017
eggs,COG,-0.1228800043463707
eggs,COL,-0.06532588601112366
eggs,COM,-0.13188202679157257
eggs,CPV,-0.06383609026670456
eggs,CRI,-0.08491595834493637
eggs,CUB,-0.03878476843237877
eggs,CYP,-0.0
eggs,CZE,-0.0
eggs,DEU,-0.011259458027780056
eggs,DJI,-0.0
eggs,DNK,-0.021693192422389984
eggs,DOM,-0.07449156790971756
eggs,DZA,-0.0515018068253994
eggs,ECU,-0.0861566886305809
eggs,EGY,-0.058650869876146317
eggs,ERI,-0.17429699003696442
eggs,ESP,-0.01765790395438671
eggs,EST,0.03613293543457985
eggs,ETH,-0.17004068195819855
eggs,FIN,-0.002313049742951989
eggs,FJI,-0.05756435915827751
eggs,FRA,-0.0
eggs,GAB,-0.08645583689212799
eggs,GBR,-0.03517242893576622
eggs,GEO,0.01727558672428131
eggs,GHA,-0.14709033071994781
eggs,GIN,-0.17478206753730774
eggs,GMB,-0.13779222965240479
eggs,GNB,-0.18498656153678894
eggs,GNQ,-0.06658439338207245
eggs,GRC,-0.0
eggs,GRD,-0.07639861106872559
eggs,GTM,-0.0858762189745903
eggs,GUF,-0.0
eggs,GUY,-0.0902111828327179
eggs,HND,-0.08752249926328659
eggs,HRV,-0.0
eggs,HTI,-0.1366797238588333
eggs,HUN,-0.0
eggs,IDN,-0.0012372286291792989
eggs,IND,-0.0
eggs,IRL,-0.0
eggs,IRN,-0.028220942243933678
eggs,IRQ,0.011010875925421715
eggs,ISL,-0.0664675310254097
eggs,ISR,-0.019293073564767838
eggs,ITA,-0.012302931398153305
eggs,JAM,-0.08024550974369049
eggs,JOR,-0.011554926633834839
eggs,JPN,-0.07844982296228409
eggs,KAZ,0.03663920983672142
eggs,KEN,-0.1540738046169281
eggs,KGZ,-0.05514717847108841
eggs,KHM,-0.06501436233520508
eggs,KOR,-0.01846739463508129
eggs,LAO,-0.10333245992660522
eggs,LBN,-0.017402226105332375
eggs,LBR,-0.18893694877624512
eggs,LBY,-0.05190928652882576
eggs,LKA,0.0240305345505476
eggs,LSO,-0.18582554161548615
eggs,LTU,-0.0
eggs,LUX,0.013159123249351978
eggs,LVA,-0.0
eggs,MAR,-0.06934981048107147
eggs,MDA,0.02234308421611786
eggs,MDG,-0.16540099680423737
eggs,MEX,-0.07167679071426392
eggs,MKD,0.027344675734639168
eggs,MLI,-0.18027973175048828
eggs,MLT,-0.0
eggs,MMR,-0.10209883004426956
eggs,MNE,0.019028445705771446
eggs,MNG,0.03885624185204506
eggs,MOZ,-0.1844121515750885
eggs,MRT,-0.10515487939119339
eggs,MUS,-0.12682493031024933
eggs,MWI,-0.17242032289505005
eggs,MYS,0.008223962970077991
eggs,NAM,-0.0909610241651535
eggs,NER,-0.1819266527891159
eggs,NGA,-0.12251409888267517
eggs,NIC,-0.11537864804267883
eggs,NLD,-0.0
eggs,NOR,-0.019872384145855904
eggs,NPL,-0.086389921605587
eggs,NZL,-0.06122328341007233
eggs,OMN,-0.11201808601617813
eggs,PAK,-0.005712806712836027
eggs,PAN,-0.08140403777360916
eggs,PER,-0.09547854214906693
eggs,PHL,-0.02573886513710022
eggs,PNG,-0.10051902383565903
eggs,POL,-0.0
eggs,PRI,-0.07559047639369965
eggs,PRT,-0.017230413854122162
eggs,PRY,-0.04859938845038414
eggs,PSE,-0.03912588953971863
eggs,ROU,-0.0
eggs,RUS,0.05829572677612305
eggs,RWA,-0.17562110722064972
eggs,SAU,0.01324840821325779
eggs,SDN,-0.08777527511119843
eggs,SEN,-0.12893086671829224
eggs,SLB,-0.1430387794971466
eggs,SLE,-0.19245001673698425
eggs,SLV,-0.08350848406553268
eggs,SOM,-0.1923423409461975
eggs,SRB,0.01744234748184681
eggs,SSD,-0.0
eggs,STP,-0.1278795301914215
eggs,SUR,-0.08132999390363693
eggs,SVK,-0.0
eggs,SVN,-0.0
eggs,SWE,-0.00780954584479332
eggs,SWZ,-0.0885104164481163
eggs,SYR,0.019576337188482285
eggs,TCD,-0.17713980376720428
eggs,TGO,-0.1362103968858719
eggs,THA,0.04627522826194763
eggs,TJK,-0.13476938009262085
eggs,TKM,0.023227477446198463
eggs,TLS,-0.10952934622764587
eggs,TTO,-0.06330755352973938
eggs,TUN,-0.04327243193984032
eggs,TUR,0.03240422531962395
eggs,TWN,0.0017994577065110207
eggs,TZA,-0.1870369166135788
eggs,UGA,-0.1799309104681015
eggs,UKR,-0.013107889331877232
eggs,URY,-0.06370595842599869
eggs,USA,-0.05594911798834801
eggs,UZB,-0.027858546003699303
eggs,VEN,-0.07146359980106354
eggs,VNM,-0.0380350723862648
eggs,VUT,-0.11809148639440536
eggs,YEM,-0.03163918852806091
eggs,ZAF,-0.10705402493476868
eggs,ZMB,-0.1410418003797531
eggs,ZWE,-0.19092395901679993
meat-cattle,AFG,-0.19090595841407776
meat-cattle,AGO,-0.24537129700183868
meat-cattle,ALB,-0.10871769860386848
meat-cattle,ARE,-0.12566277757287025
meat-cattle,ARG,-0.1070594284683466
meat-cattle,ARM,-0.1395079642534256
meat-cattle,ASM,-0.0
meat-cattle,ATG,-0.23152359575033188
meat-cattle,AUS,-0.14555221796035767
meat-cattle,AUT,-0.06895912811160088
meat-cattle,AZE,-0.09905818291008472
meat-cattle,BDI,-0.20623639971017838
meat-cattle,BEL,-0.05676698312163353
meat-cattle,BEN,-0.2702881768345833
meat-cattle,BFA,-0.2747095748782158
meat-cattle,BGD,-0.1535826064646244
meat-cattle,BGR,-0.11097545549273491
meat-cattle,BHS,-0.03172306343913078
meat-cattle,BIH,-0.040423176425974816
meat-cattle,BLR,-0.13348151370882988
meat-cattle,BLZ,-0.15040996670722961
meat-cattle,BOL,-0.14894923940300941
meat-cattle,BRA,-0.15594982355833054
meat-cattle,BRB,-0.31155338883399963
meat-cattle,BRN,-0.1544135883450508
meat-cattle,BTN,-0.30296315252780914
meat-cattle,BWA,-0.2649233490228653
meat-cattle,CAF,-0.15503237769007683
meat-cattle,CAN,-0.05482697673141956
meat-cattle,CHE,-0.08172894269227982
meat-cattle,CHL,-0.13567890971899033
meat-cattle,CHN,-0.2020949274301529
meat-cattle,CIV,-0.2693716958165169
meat-cattle,CMR,-0.28555426001548767
meat-cattle,COD,-0.14432358369231224
meat-cattle,COG,-0.15046663954854012
meat-cattle,COL,-0.1853911355137825
meat-cattle,COM,-0.13434328511357307
meat-cattle,CPV,-0.02960769459605217
meat-cattle,CRI,-0.128949373960495
meat-cattle,CUB,-0.19512704759836197
meat-cattle,CYP,-0.09752574190497398
meat-cattle,CZE,-0.10093497857451439
meat-cattle,DEU,-0.11388694122433662
meat-cattle,DJI,-0.03272627666592598
meat-cattle,DNK,-0.10215111449360847
meat-cattle,DOM,-0.03253422677516937
meat-cattle,DZA,-0.10190114937722683
meat-cattle,ECU,-0.13566061109304428
meat-cattle,EGY,-0.14207345247268677
meat-cattle,ERI,-0.1866636648774147
meat-cattle,ESP,-0.12556320428848267
meat-cattle,EST,-0.08227734081447124
meat-cattle,ETH,-0.17366477102041245
meat-cattle,FIN,-0.1048372071236372
meat-cattle,FJI,-0.19069984555244446
meat-cattle,FRA,-0.09650727361440659
meat-cattle,GAB,-0.11890169605612755
meat-cattle,GBR,-0.10740792751312256
meat-cattle,GEO,-0.20793070644140244
meat-cattle,GHA,-0.1378959696739912
meat-cattle,GIN,-0.2685525417327881
meat-cattle,GMB,-0.2579704821109772
meat-cattle,GNB,-0.2768770083785057
meat-cattle,GNQ,-0.13441994413733482
meat-cattle,GRC,-0.14013344794511795
meat-cattle,GRD,-0.2569010630249977
meat-cattle,GTM,-0.1550501212477684
meat-cattle,GUF,-0.0
meat-cattle,GUY,-0.19058527052402496
meat-cattle,HND,-0.1564624011516571
meat-cattle,HRV,-0.12828079983592033
meat-cattle,HTI,-0.01921536587178707
meat-cattle,HUN,-0.12178294360637665
meat-cattle,IDN,-0.18762505799531937
meat-cattle,IND,-0.299537256360054
meat-cattle,IRL,-0.07546974997967482
meat-cattle,IRN,-0.12525717914104462
meat-cattle,IRQ,-0.2619243785738945
meat-cattle,ISL,-0.14259006455540657
meat-cattle,ISR,-0.24767181277275085
meat-cattle,ITA,-0.07307829614728689
meat-cattle,JAM,-0.0613497830927372
meat-cattle,JOR,-0.16655081510543823
meat-cattle,JPN,-0.24418902397155762
meat-cattle,KAZ,-0.24644934386014938
meat-cattle,KEN,-0.13949946872889996
meat-cattle,KGZ,-0.11321374587714672
meat-cattle,KHM,-0.1550571471452713
meat-cattle,KOR,-0.24370887130498886
meat-cattle,LAO,-0.17717618495225906
meat-cattle,LBN,-0.06630521267652512
meat-cattle,LBR,-0.11581873148679733
meat-cattle,LBY,-0.11534545198082924
meat-cattle,LKA,-0.2185879945755005
meat-cattle,LSO,-0.14232635498046875
meat-cattle,LTU,-0.07327385805547237
meat-cattle,LUX,-0.059853771701455116
meat-cattle,LVA,-0.09376190975308418
meat-cattle,MAR,-0.23004794120788574
meat-cattle,MDA,-0.11834674701094627
meat-cattle,MDG,-0.14105483889579773
meat-cattle,MEX,-0.1146012470126152
meat-cattle,MKD,-0.12571131438016891
meat-cattle,MLI,-0.21248555183410645
meat-cattle,MLT,-0.3977169170975685
meat-cattle,MMR,-0.30440177768468857
meat-cattle,MNE,0.01498383842408657
meat-cattle,MNG,-0.19979366660118103
meat-cattle,MOZ,-0.12226652726531029
meat-cattle,MRT,-0.14993112906813622
meat-cattle,MUS,-0.12183394469320774
meat-cattle,MWI,-0.1635507047176361
meat-cattle,MYS,-0.19420716911554337
meat-cattle,NAM,-0.15529505163431168
meat-cattle,NER,-0.2816334292292595
meat-cattle,NGA,-0.13537836447358131
meat-cattle,NIC,-0.2612314820289612
meat-cattle,NLD,-0.14378055930137634
meat-cattle,NOR,-0.1569824442267418
meat-cattle,NPL,-0.15863019600510597
meat-cattle,NZL,-0.11301612481474876
meat-cattle,OMN,-0.281235009431839
meat-cattle,PAK,-0.15685462206602097
meat-cattle,PAN,-0.1483043022453785
meat-cattle,PER,-0.2330227568745613
meat-cattle,PHL,-0.16717732697725296
meat-cattle,PNG,-0.21902408450841904
meat-cattle,POL,-0.05647057294845581
meat-cattle,PRI,-0.1196819357573986
meat-cattle,PRT,-0.11165047064423561
meat-cattle,PRY,-0.11305328272283077
meat-cattle,PSE,-0.07661264855414629
meat-cattle,ROU,-0.08178694546222687
meat-cattle,RUS,-0.14581530168652534
meat-cattle,RWA,-0.13683328963816166
meat-cattle,SAU,-0.13644077628850937
meat-cattle,SDN,-0.14598293229937553
meat-cattle,SEN,-0.2686365395784378
meat-cattle,SLB,-0.15711012855172157
meat-cattle,SLE,-0.19703856855630875
meat-cattle,SLV,-0.21606462448835373
meat-cattle,SOM,-0.18306846916675568
meat-cattle,SRB,-0.06871865130960941
meat-cattle,SSD,-0.13277116976678371
meat-cattle,STP,-0.22732499986886978
meat-cattle,SUR,-0.13458047434687614
meat-cattle,SVK,-0.12987510114908218
meat-cattle,SVN,-0.11152339726686478
meat-cattle,SWE,-0.12339254468679428
meat-cattle,SWZ,-0.26012979447841644
meat-cattle,SYR,-0.17913192510604858
meat-cattle,TCD,-0.17795321345329285
meat-cattle,TGO,-0.13930452056229115
meat-cattle,THA,-0.1321732085198164
meat-cattle,TJK,-0.2466251328587532
meat-cattle,TKM,-0.11894229240715504
meat-cattle,TLS,-0.21732734888792038
meat-cattle,TTO,-0.14099344611167908
meat-cattle,TUN,-0.188264898955822
meat-cattle,TUR,-0.21506419032812119
meat-cattle,TWN,-0.2400289699435234
meat-cattle,TZA,-0.15188338607549667
meat-cattle,UGA,-0.14316172897815704
meat-cattle,UKR,-0.09889921732246876
meat-cattle,URY,-0.17696578800678253
meat-cattle,USA,-0.04000709019601345
meat-cattle,UZB,-0.12775819003582
meat-cattle,VEN,-0.13860325515270233
meat-cattle,VNM,-0.2892357259988785
meat-cattle,VUT,-0.20923811942338943
meat-cattle,YEM,-0.15159697085618973
meat-cattle,ZAF,-0.1427510604262352
meat-cattle,ZMB,-0.15016338601708412
meat-cattle,ZWE,-0.5212980955839157
meat-chicken,AFG,-0.1348695158958435
meat-chicken,AGO,-0.049832526594400406
meat-chicken,ALB,0.050567105412483215
meat-chicken,ARE,0.010120845399796963
meat-chicken,ARG,0.01220913976430893
meat-chicken,ARM,0.026638194918632507
meat-chicken,ASM,-0.0
meat-chicken,ATG,-0.03811878338456154
meat-chicken,AUS,0.01624361239373684
meat-chicken,AUT,-0.007644010242074728
meat-chicken,AZE,0.025422701612114906
meat-chicken,BDI,-0.16634808480739594
meat-chicken,BEL,-0.013449705205857754
meat-chicken,BEN,-0.1716187596321106
meat-chicken,BFA,-0.1814558058977127
meat-chicken,BGD,-0.11155280470848083
meat-chicken,BGR,0.01967550627887249
meat-chicken,BHS,0.007393628358840942
meat-chicken,BIH,0.02360871061682701
meat-chicken,BLR,0.017647039145231247
meat-chicken,BLZ,0.006710229907184839
meat-chicken,BOL,-0.037165045738220215
meat-chicken,BRA,-0.01465229969471693
meat-chicken,BRB,-0.0017267722869291902
meat-chicken,BRN,0.033405907452106476
meat-chicken,BTN,-0.1040419191122055
meat-chicken,BWA,-0.13835935294628143
meat-chicken,CAF,-0.14128094911575317
meat-chicken,CAN,0.03362201899290085
meat-chicken,CHE,-0.007785319350659847
meat-chicken,CHL,-0.005387760233134031
meat-chicken,CHN,-0.0011322166537865996
meat-chicken,CIV,-0.10573329031467438
meat-chicken,CMR,-0.1258658468723297
meat-chicken,COD,-0.16107894480228424
meat-chicken,COG,-0.11366661638021469
meat-chicken,COL,-0.027547381818294525
meat-chicken,COM,-0.11808568984270096
meat-chicken,CPV,-0.052721794694662094
meat-chicken,CRI,-0.040483660995960236
meat-chicken,CUB,-0.013582057319581509
meat-chicken,CYP,-0.005234970711171627
meat-chicken,CZE,-0.012116929516196251
meat-chicken,DEU,-0.0043587698601186275
meat-chicken,DJI,-0.0
meat-chicken,DNK,-0.017182322219014168
meat-chicken,DOM,0.007640318013727665
meat-chicken,DZA,-0.047268304973840714
meat-chicken,ECU,-0.015189381316304207
meat-chicken,EGY,-0.05482228845357895
meat-chicken,ERI,-0.16614778339862823
meat-chicken,ESP,-0.0028533628210425377
meat-chicken,EST,0.03886861726641655
meat-chicken,ETH,-0.16098912060260773
meat-chicken,FIN,0.008981958031654358
meat-chicken,FJI,-0.0010282117873430252
meat-chicken,FRA,0.002878699218854308
meat-chicken,GAB,-0.05476938560605049
meat-chicken,GBR,-0.026060014963150024
meat-chicken,GEO,0.02850029431283474
meat-chicken,GHA,-0.1349972039461136
meat-chicken,GIN,-0.1644875705242157
meat-chicken,GMB,-0.1309816986322403
meat-chicken,GNB,-0.1805715560913086
meat-chicken,GNQ,-0.05509679391980171
meat-chicken,GRC,0.03415269777178764
meat-chicken,GRD,-0.035173043608665466
meat-chicken,GTM,-0.010873294435441494
meat-chicken,GUF,-0.0
meat-chicken,GUY,-0.012508871033787727
meat-chicken,HND,-0.013104010373353958
meat-chicken,HRV,-0.011043790727853775
meat-chicken,HTI,-0.11157587915658951
meat-chicken,HUN,0.009890089742839336
meat-chicken,IDN,-0.0
meat-chicken,IND,-0.0005820037331432104
meat-chicken,IRL,-0.032065119594335556
meat-chicken,IRN,-0.013531324453651905
meat-chicken,IRQ,0.007065816316753626
meat-chicken,ISL,-0.03659301623702049
meat-chicken,ISR,-0.01720423996448517
meat-chicken,ITA,-0.003805945161730051
meat-chicken,JAM,-0.0364704355597496
meat-chicken,JOR,-0.003287035273388028
meat-chicken,JPN,-0.059261057525873184
meat-chicken,KAZ,0.04094722121953964
meat-chicken,KEN,-0.14217151701450348
meat-chicken,KGZ,-0.0579121857881546
meat-chicken,KHM,-0.0707850530743599
meat-chicken,KOR,-0.015714257955551147
meat-chicken,LAO,-0.10354124009609222
meat-chicken,LBN,-0.014834310859441757
meat-chicken,LBR,-0.18472348153591156
meat-chicken,LBY,-0.029662305489182472
meat-chicken,LKA,0.030468028038740158
meat-chicken,LSO,-0.16565051674842834
meat-chicken,LTU,0.024947097525000572
meat-chicken,LUX,-0.0
meat-chicken,LVA,0.04184971749782562
meat-chicken,MAR,-0.055559393018484116
meat-chicken,MDA,0.02506861835718155
meat-chicken,MDG,-0.13440294563770294
meat-chicken,MEX,0.02122395671904087
meat-chicken,MKD,0.028734909370541573
meat-chicken,MLI,-0.1756504327058792
meat-chicken,MLT,-0.005974878557026386
meat-chicken,MMR,-0.10342749208211899
meat-chicken,MNE,0.020122747868299484
meat-chicken,MNG,-0.0
meat-chicken,MOZ,-0.17311586439609528
meat-chicken,MRT,-0.09569709002971649
meat-chicken,MUS,-0.06919156014919281
meat-chicken,MWI,-0.15722805261611938
meat-chicken,MYS,0.00723304133862257
meat-chicken,NAM,-0.06787588447332382
meat-chicken,NER,-0.17397081851959229
meat-chicken,NGA,-0.1087750494480133
meat-chicken,NIC,-0.03527553752064705
meat-chicken,NLD,-0.011165504343807697
meat-chicken,NOR,-0.007569363806396723
meat-chicken,NPL,-0.08519087731838226
meat-chicken,NZL,-0.02153667062520981
meat-chicken,OMN,-0.11681424826383591
meat-chicken,PAK,-0.002860388020053506
meat-chicken,PAN,-0.005366739816963673
meat-chicken,PER,-0.02933008223772049
meat-chicken,PHL,-0.015078611671924591
meat-chicken,PNG,-0.06497837603092194
meat-chicken,POL,0.006366089917719364
meat-chicken,PRI,-0.04749446362257004
meat-chicken,PRT,-0.0
meat-chicken,PRY,0.016983287408947945
meat-chicken,PSE,-0.02968265675008297
meat-chicken,ROU,-0.0
meat-chicken,RUS,0.05545559525489807
meat-chicken,RWA,-0.16625674068927765
meat-chicken,SAU,0.009468900971114635
meat-chicken,SDN,-0.07962587475776672
meat-chicken,SEN,-0.115592822432518
meat-chicken,SLB,-0.12017454952001572
meat-chicken,SLE,-0.18394117057323456
meat-chicken,SLV,-0.0033319280482828617
meat-chicken,SOM,-0.1888146698474884
meat-chicken,SRB,0.01889765076339245
meat-chicken,SSD,-0.06310458481311798
meat-chicken,STP,-0.10156138241291046
meat-chicken,SUR,-0.03731139004230499
meat-chicken,SVK,-0.0
meat-chicken,SVN,-0.016140175983309746
meat-chicken,SWE,0.004494288936257362
meat-chicken,SWZ,-0.06445270031690598
meat-chicken,SYR,0.014149731025099754
meat-chicken,TCD,-0.17313973605632782
meat-chicken,TGO,-0.12158423662185669
meat-chicken,THA,0.03057151660323143
meat-chicken,TJK,-0.13297702372074127
meat-chicken,TKM,0.03558097779750824
meat-chicken,TLS,-0.10839081555604935
meat-chicken,TTO,-0.006730441469699144
meat-chicken,TUN,-0.0413474477827549
meat-chicken,TUR,0.026652242988348007
meat-chicken,TWN,0.009001269936561584
meat-chicken,TZA,-0.1787005513906479
meat-chicken,UGA,-0.17224813997745514
meat-chicken,UKR,-0.006843953859061003
meat-chicken,URY,0.023544905707240105
meat-chicken,USA,0.007576175034046173
meat-chicken,UZB,-0.02290341444313526
meat-chicken,VEN,-0.0184433925896883
meat-chicken,VNM,-0.0414167121052742
meat-chicken,VUT,-0.08887159824371338
meat-chicken,YEM,-0.01562553085386753
meat-chicken,ZAF,-0.06813383102416992
meat-chicken,ZMB,-0.11724754422903061
meat-chicken,ZWE,-0.17840014398097992
meat-pig,AFG,-0.0
meat-pig,AGO,-0.05135394260287285
meat-pig,ALB,-0.007690545171499252
meat-pig,ARE,-0.0
meat-pig,ARG,-0.03974444791674614
meat-pig,ARM,-0.03285391628742218
meat-pig,ASM,-0.0
meat-pig,ATG,-0.06682470440864563
meat-pig,AUS,0.13020695745944977
meat-pig,AUT,-0.020699957385659218
meat-pig,AZE,-0.001959056593477726
meat-pig,BDI,-0.11530518531799316
meat-pig,BEL,-0.02435297518968582
meat-pig,BEN,-0.09449359774589539
meat-pig,BFA,-0.09666655212640762
meat-pig,BGD,-0.0
meat-pig,BGR,0.009306871332228184
meat-pig,BHS,-0.014880943112075329
meat-pig,BIH,0.0057587833143770695
meat-pig,BLR,0.005458094645291567
meat-pig,BLZ,-0.029183153063058853
meat-pig,BOL,-0.06700354069471359
meat-pig,BRA,-0.04231015220284462
meat-pig,BRB,-0.045802824199199677
meat-pig,BRN,0.0536254346370697
meat-pig,BTN,-0.009295967407524586
meat-pig,BWA,-0.08931618928909302
meat-pig,CAF,-0.13014328479766846
meat-pig,CAN,-0.011880391277372837
meat-pig,CHE,-0.01898857392370701
meat-pig,CHL,-0.03250901401042938
meat-pig,CHN,-0.0
meat-pig,CIV,-0.07139293104410172
meat-pig,CMR,-0.07723754644393921
meat-pig,COD,-0.1148528978228569
meat-pig,COG,-0.09959342330694199
meat-pig,COL,-0.04572146385908127
meat-pig,COM,-0.0
meat-pig,CPV,-0.14013536274433136
meat-pig,CRI,-0.0586528554558754
meat-pig,CUB,-0.031505174934864044
meat-pig,CYP,0.004137077368795872
meat-pig,CZE,-0.018825525417923927
meat-pig,DEU,-0.020926956087350845
meat-pig,DJI,-0.0
meat-pig,DNK,-0.023499062284827232
meat-pig,DOM,-0.027332210913300514
meat-pig,DZA,-0.04645410552620888
meat-pig,ECU,-0.03873321786522865
meat-pig,EGY,-0.03775106370449066
meat-pig,ERI,-0.0
meat-pig,ESP,-0.02933070994913578
meat-pig,EST,0.030093757435679436
meat-pig,ETH,-0.1012965738773346
meat-pig,FIN,-0.002061065286397934
meat-pig,FJI,0.08279736340045929
meat-pig,FRA,-0.012573628686368465
meat-pig,GAB,-0.01807892881333828
meat-pig,GBR,-0.023577837273478508
meat-pig,GEO,-0.01019419264048338
meat-pig,GHA,-0.0472373366355896
meat-pig,GIN,-0.10993047058582306
meat-pig,GMB,-0.09922896325588226
meat-pig,GNB,-0.1165446788072586
meat-pig,GNQ,-0.0074683744460344315
meat-pig,GRC,0.011593090370297432
meat-pig,GRD,-0.07121933996677399
meat-pig,GTM,-0.04509187117218971
meat-pig,GUF,-0.0
meat-pig,GUY,-0.05151676759123802
meat-pig,HND,-0.04283946007490158
meat-pig,HRV,-0.027562696486711502
meat-pig,HTI,-0.09426826238632202
meat-pig,HUN,0.004628702532500029
meat-pig,IDN,0.03577776625752449
meat-pig,IND,-0.051456280052661896
meat-pig,IRL,-0.03285550698637962
meat-pig,IRN,-0.0
meat-pig,IRQ,-0.0
meat-pig,ISL,-0.044266410171985626
meat-pig,ISR,-0.009008744731545448
meat-pig,ITA,-0.021053368225693703
meat-pig,JAM,-0.05399124324321747
meat-pig,JOR,-0.0
meat-pig,JPN,-0.05233031138777733
meat-pig,KAZ,0.024203481152653694
meat-pig,KEN,-0.08788657933473587
meat-pig,KGZ,-0.05845533683896065
meat-pig,KHM,-0.05156305432319641
meat-pig,KOR,-0.013981187716126442
meat-pig,LAO,-0.09473636001348495
meat-pig,LBN,-0.014511498622596264
meat-pig,LBR,-0.11074928194284439
meat-pig,LBY,-0.0
meat-pig,LKA,-0.007274366915225983
meat-pig,LSO,-0.08969827741384506
meat-pig,LTU,0.0188628900796175
meat-pig,LUX,-0.019359629601240158
meat-pig,LVA,0.021235324442386627
meat-pig,MAR,-0.07653223723173141
meat-pig,MDA,-0.014390326105058193
meat-pig,MDG,-0.09657937288284302
meat-pig,MEX,-0.019458577036857605
meat-pig,MKD,-0.002731139538809657
meat-pig,MLI,-0.09059739857912064
meat-pig,MLT,-0.025394318625330925
meat-pig,MMR,-0.05820533260703087
meat-pig,MNE,-0.005742528475821018
meat-pig,MNG,0.01065776590257883
meat-pig,MOZ,-0.13711826503276825
meat-pig,MRT,-0.0
meat-pig,MUS,-0.034106943756341934
meat-pig,MWI,-0.11144005507230759
meat-pig,MYS,0.015488525852560997
meat-pig,NAM,-0.05753917619585991
meat-pig,NER,-0.08320087939500809
meat-pig,NGA,-0.0854974091053009
meat-pig,NIC,-0.0959348976612091
meat-pig,NLD,-0.025692740455269814
meat-pig,NOR,-0.012423782609403133
meat-pig,NPL,-0.08418836444616318
meat-pig,NZL,0.08033662289381027
meat-pig,OMN,-0.0
meat-pig,PAK,-0.0
meat-pig,PAN,-0.02398180030286312
meat-pig,PER,-0.07067970931529999
meat-pig,PHL,-0.000761510047595948
meat-pig,PNG,-0.01620514877140522
meat-pig,POL,0.0021533346734941006
meat-pig,PRI,-0.0591389425098896
meat-pig,PRT,-0.019660111516714096
meat-pig,PRY,-0.029501352459192276
meat-pig,PSE,-0.0
meat-pig,ROU,0.006312976125627756
meat-pig,RUS,0.05111938714981079
meat-pig,RWA,-0.11444191634654999
meat-pig,SAU,-0.0
meat-pig,SDN,-0.0
meat-pig,SEN,-0.08933641016483307
meat-pig,SLB,-0.014025465585291386
meat-pig,SLE,-0.11822614073753357
meat-pig,SLV,-0.05392896384000778
meat-pig,SOM,-0.1274140179157257
meat-pig,SRB,-0.000750382780097425
meat-pig,SSD,-0.0
meat-pig,STP,-0.14126646518707275
meat-pig,SUR,-0.05553373694419861
meat-pig,SVK,0.030806176364421844
meat-pig,SVN,-0.030812447890639305
meat-pig,SWE,0.003186712972819805
meat-pig,SWZ,-0.056313224136829376
meat-pig,SYR,-0.0
meat-pig,TCD,-0.12458168715238571
meat-pig,TGO,-0.11240014433860779
meat-pig,THA,0.04725516214966774
meat-pig,TJK,-0.09114378690719604
meat-pig,TKM,-0.013006501831114292
meat-pig,TLS,-0.03443867713212967
meat-pig,TTO,-0.02504851296544075
meat-pig,TUN,-0.05070473998785019
meat-pig,TUR,-0.0
meat-pig,TWN,0.025064826011657715
meat-pig,TZA,-0.12597538530826569
meat-pig,UGA,-0.11207325011491776
meat-pig,UKR,-0.01119574997574091
meat-pig,URY,-0.02942544035613537
meat-pig,USA,-0.015141552314162254
meat-pig,UZB,-0.06493155658245087
meat-pig,VEN,-0.029705200344324112
meat-pig,VNM,-0.021657105535268784
meat-pig,VUT,-0.0025506876409053802
meat-pig,YEM,-0.0
meat-pig,ZAF,-0.03689965233206749
meat-pig,ZMB,-0.09768538177013397
meat-pig,ZWE,-0.09478558599948883
meat-sheep,AFG,-0.15204483270645142
meat-sheep,AGO,-0.19131433963775635
meat-sheep,ALB,-0.182187981903553
meat-sheep,ARE,-0.0754794329404831
meat-sheep,ARG,-0.061652977019548416
meat-sheep,ARM,-0.12648294866085052
meat-sheep,ASM,-0.0
meat-sheep,ATG,-0.18175194412469864
meat-sheep,AUS,-0.07228288054466248
meat-sheep,AUT,0.025327486917376518
meat-sheep,AZE,-0.07835637219250202
meat-sheep,BDI,-0.14645763859152794
meat-sheep,BEL,0.010176843032240868
meat-sheep,BEN,-0.183223158121109
meat-sheep,BFA,-0.191440187394619
meat-sheep,BGD,-0.10663543082773685
meat-sheep,BGR,-0.16168354824185371
meat-sheep,BHS,-0.04316159477457404
meat-sheep,BIH,-0.035904273216146976
meat-sheep,BLR,-0.10955994948744774
meat-sheep,BLZ,-0.015354961156845093
meat-sheep,BOL,-0.08859934005886316
meat-sheep,BRA,-0.0961449146270752
meat-sheep,BRB,-0.3457508832216263
meat-sheep,BRN,-0.11482376232743263
meat-sheep,BTN,-0.2566501274704933
meat-sheep,BWA,-0.26780523359775543
meat-sheep,CAF,-0.12245278805494308
meat-sheep,CAN,-0.0285127148963511
meat-sheep,CHE,-0.020451052114367485
meat-sheep,CHL,-0.08986623771488667
meat-sheep,CHN,-0.15163514763116837
meat-sheep,CIV,-0.19580479711294174
meat-sheep,CMR,-0.1955326795578003
meat-sheep,COD,-0.08141374588012695
meat-sheep,COG,-0.100345678627491
meat-sheep,COL,-0.13553015142679214
meat-sheep,COM,-0.10811692476272583
meat-sheep,CPV,-0.1712348386645317
meat-sheep,CRI,-0.0
meat-sheep,CUB,-0.030868656933307648
meat-sheep,CYP,-0.11759927868843079
meat-sheep,CZE,-0.04156606551259756
meat-sheep,DEU,-0.04019888350740075
meat-sheep,DJI,-0.015877867117524147
meat-sheep,DNK,-0.004256145097315311
meat-sheep,DOM,-0.08565204590559006
meat-sheep,DZA,-0.07530285883694887
meat-sheep,ECU,-0.09101972542703152
meat-sheep,EGY,-0.09803677164018154
meat-sheep,ERI,-0.13273197412490845
meat-sheep,ESP,-0.05100524239242077
meat-sheep,EST,-0.05302072037011385
meat-sheep,ETH,-0.14153547957539558
meat-sheep,FIN,-0.035181933897547424
meat-sheep,FJI,-0.11495117470622063
meat-sheep,FRA,0.00020898040384054184
meat-sheep,GAB,-0.07739879516884685
meat-sheep,GBR,-0.034021152183413506
meat-sheep,GEO,-0.1733936220407486
meat-sheep,GHA,-0.074856236577034
meat-sheep,GIN,-0.1799013540148735
meat-sheep,GMB,-0.21216288208961487
meat-sheep,GNB,-0.1752326712012291
meat-sheep,GNQ,-0.04133473336696625
meat-sheep,GRC,-0.11640206724405289
meat-sheep,GRD,-0.008655551820993423
meat-sheep,GTM,-0.04418654553592205
meat-sheep,GUF,-0.0
meat-sheep,GUY,-0.1250762604176998
meat-sheep,HND,-0.013048847205936909
meat-sheep,HRV,-0.03256933204829693
meat-sheep,HTI,-0.0
meat-sheep,HUN,-0.061011199839413166
meat-sheep,IDN,-0.12977155670523643
meat-sheep,IND,-0.24290893971920013
meat-sheep,IRL,-0.0038863271474838257
meat-sheep,IRN,-0.1009968388825655
meat-sheep,IRQ,-0.18951644003391266
meat-sheep,ISL,-0.0529924426227808
meat-sheep,ISR,-0.269324854016304
meat-sheep,ITA,-0.07661405857652426
meat-sheep,JAM,-0.19343510270118713
meat-sheep,JOR,-0.25193019956350327
meat-sheep,JPN,-0.21158769726753235
meat-sheep,KAZ,-0.23801103234291077
meat-sheep,KEN,-0.10635435953736305
meat-sheep,KGZ,-0.0673002079129219
meat-sheep,KHM,-0.0
meat-sheep,KOR,-0.20072955638170242
meat-sheep,LAO,-0.12705706804990768
meat-sheep,LBN,-0.09810367599129677
meat-sheep,LBR,-0.07876430451869965
meat-sheep,LBY,-0.07640625722706318
meat-sheep,LKA,-0.16371048986911774
meat-sheep,LSO,-0.12198949791491032
meat-sheep,LTU,-0.0515399519354105
meat-sheep,LUX,-0.008237765170633793
meat-sheep,LVA,-0.0743665061891079
meat-sheep,MAR,-0.17872080951929092
meat-sheep,MDA,-0.15405912697315216
meat-sheep,MDG,-0.09683854877948761
meat-sheep,MEX,-0.0
meat-sheep,MKD,-0.13460198417305946
meat-sheep,MLI,-0.1802205666899681
meat-sheep,MLT,-0.38456225395202637
meat-sheep,MMR,-0.23961076140403748
meat-sheep,MNE,-0.12416800484061241
meat-sheep,MNG,-0.022698964923620224
meat-sheep,MOZ,-0.10148315876722336
meat-sheep,MRT,-0.09995121136307716
meat-sheep,MUS,-0.096673134714365
meat-sheep,MWI,-0.1049583125859499
meat-sheep,MYS,-0.14955711364746094
meat-sheep,NAM,-0.112064179033041
meat-sheep,NER,-0.18778256326913834
meat-sheep,NGA,-0.07823257148265839
meat-sheep,NIC,-0.0
meat-sheep,NLD,-0.11291906610131264
meat-sheep,NOR,-0.09274469502270222
meat-sheep,NPL,-0.11168048903346062
meat-sheep,NZL,-0.05734194070100784
meat-sheep,OMN,-0.24262890219688416
meat-sheep,PAK,-0.12099663354456425
meat-sheep,PAN,-0.0
meat-sheep,PER,-0.1541561260819435
meat-sheep,PHL,-0.1379435956478119
meat-sheep,PNG,-0.05940553545951843
meat-sheep,POL,-0.05823857523500919
meat-sheep,PRI,-0.0
meat-sheep,PRT,-0.009394420310854912
meat-sheep,PRY,-0.06150107178837061
meat-sheep,PSE,-0.07663572486490011
meat-sheep,ROU,-0.13124509900808334
meat-sheep,RUS,-0.12315892055630684
meat-sheep,RWA,-0.09647341724485159
meat-sheep,SAU,-0.20370770245790482
meat-sheep,SDN,-0.10782718285918236
meat-sheep,SEN,-0.1993016004562378
meat-sheep,SLB,-0.0
meat-sheep,SLE,-0.1605938971042633
meat-sheep,SLV,-0.13191667199134827
meat-sheep,SOM,-0.13354876264929771
meat-sheep,SRB,-0.0011094914807472378
meat-sheep,SSD,-0.09219520818442106
meat-sheep,STP,-0.10859324410557747
meat-sheep,SUR,-0.06023993343114853
meat-sheep,SVK,-0.12194209545850754
meat-sheep,SVN,-0.03934843372553587
meat-sheep,SWE,-0.03529934422113001
meat-sheep,SWZ,-0.2122790515422821
meat-sheep,SYR,-0.17939334362745285
meat-sheep,TCD,-0.12264144420623779
meat-sheep,TGO,-0.07465991377830505
meat-sheep,THA,-0.11169714480638504
meat-sheep,TJK,-0.21765731275081635
meat-sheep,TKM,-0.12376489490270615
meat-sheep,TLS,-0.1420525312423706
meat-sheep,TTO,0.0053334967233240604
meat-sheep,TUN,-0.17378777265548706
meat-sheep,TUR,-0.17669256776571274
meat-sheep,TWN,-0.0
meat-sheep,TZA,-0.11630157008767128
meat-sheep,UGA,-0.10899292305111885
meat-sheep,UKR,-0.12181900069117546
meat-sheep,URY,-0.1039576381444931
meat-sheep,USA,-0.022229688242077827
meat-sheep,UZB,-0.0959107019007206
meat-sheep,VEN,-0.07779821380972862
meat-sheep,VNM,-0.2215603142976761
meat-sheep,VUT,-0.12107273563742638
meat-sheep,YEM,-0.08666869252920151
meat-sheep,ZAF,-0.07112571224570274
meat-sheep,ZMB,-0.10983185283839703
meat-sheep,ZWE,-0.48651382327079773
